{
  "unversionedId": "installation_guide/components",
  "id": "installation_guide/components",
  "isDocsHomePage": false,
  "title": "Service Workbench installation components",
  "description": "Serverless framework and projects",
  "source": "@site/docs/installation_guide/components.md",
  "slug": "/installation_guide/components",
  "permalink": "/installation_guide/components",
  "editUrl": "https://github.com/awslabs/go-research-on-aws/website/docs/installation_guide/components.md",
  "version": "current",
  "sidebar_label": "Installation components",
  "sidebar": "serviceWorkbenchSidebar",
  "previous": {
    "title": "Service Workbench architecture",
    "permalink": "/installation_guide/architecture"
  },
  "next": {
    "title": "Overview",
    "permalink": "/installation_guide/installation/pre-installation/overview"
  }
}