{
  "unversionedId": "installation_guide/installation/pre-installation/instance-req",
  "id": "installation_guide/installation/pre-installation/instance-req",
  "isDocsHomePage": false,
  "title": "Instance requirements",
  "description": "| Section      | Description |",
  "source": "@site/docs/installation_guide/installation/pre-installation/instance-req.md",
  "slug": "/installation_guide/installation/pre-installation/instance-req",
  "permalink": "/installation_guide/installation/pre-installation/instance-req",
  "editUrl": "https://github.com/awslabs/go-research-on-aws/website/docs/installation_guide/installation/pre-installation/instance-req.md",
  "version": "current",
  "sidebar_label": "Instance requirements",
  "sidebar": "serviceWorkbenchSidebar",
  "previous": {
    "title": "Software requirements",
    "permalink": "/installation_guide/installation/pre-installation/software-req"
  },
  "next": {
    "title": "Configuration settings",
    "permalink": "/installation_guide/installation/pre-installation/conf-settings"
  }
}