{
  "unversionedId": "deployment/post_deployment/link_aws_account",
  "id": "deployment/post_deployment/link_aws_account",
  "isDocsHomePage": false,
  "title": "Create or Add an AWS Account",
  "description": "There are two categories of AWS Account within Service Workbench: Internal accounts and External accounts.",
  "source": "@site/docs/deployment/post_deployment/link_aws_account.md",
  "slug": "/deployment/post_deployment/link_aws_account",
  "permalink": "/deployment/post_deployment/link_aws_account",
  "editUrl": "https://github.com/awslabs/go-research-on-aws/website/docs/deployment/post_deployment/link_aws_account.md",
  "version": "current",
  "sidebar_label": "Create or Add an AWS Account"
}