{
  "unversionedId": "user_guide/sidebar/common/workspaces/accessing_a_workspace",
  "id": "user_guide/sidebar/common/workspaces/accessing_a_workspace",
  "isDocsHomePage": false,
  "title": "Accessing a Workspace",
  "description": "You can connect to Workspaces that you have access to. To access a Workspace, follow these steps:",
  "source": "@site/docs/user_guide/sidebar/common/workspaces/accessing_a_workspace.md",
  "slug": "/user_guide/sidebar/common/workspaces/accessing_a_workspace",
  "permalink": "/user_guide/sidebar/common/workspaces/accessing_a_workspace",
  "editUrl": "https://github.com/awslabs/go-research-on-aws/website/docs/user_guide/sidebar/common/workspaces/accessing_a_workspace.md",
  "version": "current",
  "sidebar_label": "Accessing a Workspace",
  "sidebar": "serviceWorkbenchSidebar",
  "previous": {
    "title": "Creating a new Workspace",
    "permalink": "/user_guide/sidebar/common/workspaces/create_workspace_study"
  },
  "next": {
    "title": "Terminating a Workspace",
    "permalink": "/user_guide/sidebar/common/workspaces/terminating_a_workspace"
  }
}