{
  "unversionedId": "deployment/deployment/index",
  "id": "deployment/deployment/index",
  "isDocsHomePage": false,
  "title": "Deploying Service Workbench",
  "description": "This section describes the process for deploying the Service Workbench.",
  "source": "@site/docs\\deployment\\deployment\\index.md",
  "slug": "/deployment/deployment/index",
  "permalink": "/deployment/deployment/index",
  "editUrl": "https://github.com/awslabs/go-research-on-aws/website/docs/deployment/deployment/index.md",
  "version": "current",
  "sidebar_label": "Deploying Service Workbench",
  "sidebar": "serviceWorkbenchSidebar",
  "previous": {
    "title": "Configuration",
    "permalink": "/deployment/pre_deployment/configuration"
  },
  "next": {
    "title": "Post Deployment",
    "permalink": "/deployment/post_deployment/index"
  }
}