{
  "unversionedId": "deployment/pre_deployment/source_code",
  "id": "deployment/pre_deployment/source_code",
  "isDocsHomePage": false,
  "title": "Source Code",
  "description": "Download the latest source code using the URL, https",
  "source": "@site/docs\\deployment\\pre_deployment\\source_code.md",
  "slug": "/deployment/pre_deployment/source_code",
  "permalink": "/deployment/pre_deployment/source_code",
  "editUrl": "https://github.com/awslabs/go-research-on-aws/website/docs/deployment/pre_deployment/source_code.md",
  "version": "current",
  "sidebar_label": "Source Code",
  "sidebar": "serviceWorkbenchSidebar",
  "previous": {
    "title": "Deployment Instance",
    "permalink": "/deployment/pre_deployment/deployment_instance"
  },
  "next": {
    "title": "Configuration",
    "permalink": "/deployment/pre_deployment/configuration"
  }
}