{
  "unversionedId": "installation_guide/installation/pre-installation/tool-req",
  "id": "installation_guide/installation/pre-installation/tool-req",
  "isDocsHomePage": false,
  "title": "Tool requirements",
  "description": "The initial prerequisites include creating a main account in AWS, enabling the AWS Cost Explorer and activating the cost allocation tags.",
  "source": "@site/docs/installation_guide/installation/pre-installation/tool-req.md",
  "slug": "/installation_guide/installation/pre-installation/tool-req",
  "permalink": "/installation_guide/installation/pre-installation/tool-req",
  "editUrl": "https://github.com/awslabs/go-research-on-aws/website/docs/installation_guide/installation/pre-installation/tool-req.md",
  "version": "current",
  "sidebar_label": "Tool requirements",
  "sidebar": "serviceWorkbenchSidebar",
  "previous": {
    "title": "Overview",
    "permalink": "/installation_guide/installation/pre-installation/overview"
  },
  "next": {
    "title": "Software requirements",
    "permalink": "/installation_guide/installation/pre-installation/software-req"
  }
}