{
  "unversionedId": "installation_guide/installation/deployment_stages",
  "id": "installation_guide/installation/deployment_stages",
  "isDocsHomePage": false,
  "title": "Deployment Stages",
  "description": "Upgrading command line installation",
  "source": "@site/docs/installation_guide/installation/preinstall.md",
  "slug": "/installation_guide/installation/deployment_stages",
  "permalink": "/installation_guide/installation/deployment_stages",
  "editUrl": "https://github.com/awslabs/go-research-on-aws/website/docs/installation_guide/installation/preinstall.md",
  "version": "current",
  "sidebar_label": "Deployment Stages"
}