{
  "unversionedId": "installation_guide/postupgrade",
  "id": "installation_guide/postupgrade",
  "isDocsHomePage": false,
  "title": "Post upgrade",
  "description": "Updating accounts",
  "source": "@site/docs/installation_guide/postupgrade.md",
  "slug": "/installation_guide/postupgrade",
  "permalink": "/installation_guide/postupgrade",
  "editUrl": "https://github.com/awslabs/go-research-on-aws/website/docs/installation_guide/postupgrade.md",
  "version": "current",
  "sidebar_label": "Post upgrade",
  "sidebar": "serviceWorkbenchSidebar",
  "previous": {
    "title": "Upgrading AWS solution installation",
    "permalink": "/installation_guide/upgrading/solutions"
  },
  "next": {
    "title": "Uninstalling Service Workbench",
    "permalink": "/installation_guide/uninstall"
  }
}