{
  "unversionedId": "deployment/post_deployment/index",
  "id": "deployment/post_deployment/index",
  "isDocsHomePage": false,
  "title": "Post Deployment",
  "description": "This section describes the tasks to perform after deploying Service Workbench.",
  "source": "@site/docs\\deployment\\post_deployment\\index.md",
  "slug": "/deployment/post_deployment/index",
  "permalink": "/deployment/post_deployment/index",
  "editUrl": "https://github.com/awslabs/go-research-on-aws/website/docs/deployment/post_deployment/index.md",
  "version": "current",
  "sidebar_label": "Post Deployment",
  "sidebar": "serviceWorkbenchSidebar",
  "previous": {
    "title": "Deploying Service Workbench",
    "permalink": "/deployment/deployment/index"
  },
  "next": {
    "title": "Account Structure",
    "permalink": "/deployment/post_deployment/account_structure"
  }
}