{
  "unversionedId": "deployment/pre_deployment/prereq_commands",
  "id": "deployment/pre_deployment/prereq_commands",
  "isDocsHomePage": false,
  "title": "Prerequisite Software",
  "description": "The prerequisite software installation includes installing the required tools and creating an AWS account to deploy the solution.",
  "source": "@site/docs/deployment/pre_deployment/prereq_commands.md",
  "slug": "/deployment/pre_deployment/prereq_commands",
  "permalink": "/deployment/pre_deployment/prereq_commands",
  "editUrl": "https://github.com/awslabs/go-research-on-aws/website/docs/deployment/pre_deployment/prereq_commands.md",
  "version": "current",
  "sidebar_label": "Prerequisite Software",
  "sidebar": "serviceWorkbenchSidebar",
  "previous": {
    "title": "Prerequisites",
    "permalink": "/deployment/pre_deployment/accounts"
  },
  "next": {
    "title": "Deployment Instance",
    "permalink": "/deployment/pre_deployment/deployment_instance"
  }
}