{
  "unversionedId": "deployment/post_deployment/create_index_project",
  "id": "deployment/post_deployment/create_index_project",
  "isDocsHomePage": false,
  "title": "Create Indexes and Projects",
  "description": "Projects and Indexes form a hierarchy under 'Accounts'. Each Account can have multiple Indexes, each Index can have multiple Projects. Projects are attached to Users, so you must create the Projects first.",
  "source": "@site/docs\\deployment\\post_deployment\\create_index_project.md",
  "slug": "/deployment/post_deployment/create_index_project",
  "permalink": "/deployment/post_deployment/create_index_project",
  "editUrl": "https://github.com/awslabs/go-research-on-aws/website/docs/deployment/post_deployment/create_index_project.md",
  "version": "current",
  "sidebar_label": "Create Indexes and Projects",
  "sidebar": "serviceWorkbenchSidebar",
  "previous": {
    "title": "Create or Add Accounts",
    "permalink": "/deployment/post_deployment/aws_accounts"
  },
  "next": {
    "title": "Create an Administrator User",
    "permalink": "/deployment/post_deployment/create_admin_user"
  }
}