{
  "unversionedId": "deployment/post_deployment/logs",
  "id": "deployment/post_deployment/logs",
  "isDocsHomePage": false,
  "title": "Viewing logs",
  "description": "Viewing Service Workbench logs in CloudWatch",
  "source": "@site/docs/deployment/post_deployment/logs.md",
  "slug": "/deployment/post_deployment/logs",
  "permalink": "/deployment/post_deployment/logs",
  "editUrl": "https://github.com/awslabs/go-research-on-aws/website/docs/deployment/post_deployment/logs.md",
  "version": "current",
  "sidebar_label": "Viewing Service Workbench Logs",
  "sidebar": "serviceWorkbenchSidebar",
  "previous": {
    "title": "Import Service Catalog Products",
    "permalink": "/deployment/post_deployment/import_service_catalog_products"
  },
  "next": {
    "title": "Enable Active Directory Authentication",
    "permalink": "/deployment/configuration/auth/enabling_ad"
  }
}