{
  "unversionedId": "deployment/deployment_stages",
  "id": "deployment/deployment_stages",
  "isDocsHomePage": false,
  "title": "Deployment Stages",
  "description": "Note: This deployment guide will be deprecated soon. Refer to the Service Workbench Installation Guide for installing Service Workbench.",
  "source": "@site/docs/deployment/deployment_stages.md",
  "slug": "/deployment/deployment_stages",
  "permalink": "/deployment/deployment_stages",
  "editUrl": "https://github.com/awslabs/go-research-on-aws/website/docs/deployment/deployment_stages.md",
  "version": "current",
  "sidebar_label": "Deployment Stages",
  "sidebar": "serviceWorkbenchSidebar",
  "previous": {
    "title": "Troubleshooting",
    "permalink": "/installation_guide/troubleshooting"
  },
  "next": {
    "title": "Pre Deployment",
    "permalink": "/deployment/pre_deployment/pre_deployment"
  }
}