{
  "unversionedId": "best_practices/rotating_jwt_token",
  "id": "best_practices/rotating_jwt_token",
  "isDocsHomePage": false,
  "title": "Rotating the JWT Master Token",
  "description": "TODO",
  "source": "@site/docs/best_practices/rotating_jwt_token.md",
  "slug": "/best_practices/rotating_jwt_token",
  "permalink": "/best_practices/rotating_jwt_token",
  "editUrl": "https://github.com/awslabs/go-research-on-aws/website/docs/best_practices/rotating_jwt_token.md",
  "version": "current",
  "sidebar_label": "Rotating the JWT Master Token",
  "sidebar": "serviceWorkbenchSidebar",
  "previous": {
    "title": "CI/CD",
    "permalink": "/best_practices/cicd"
  },
  "next": {
    "title": "Local Development Introduction",
    "permalink": "/development/introduction"
  }
}