{
  "unversionedId": "deployment/post_deployment/import_service_catalog_products",
  "id": "deployment/post_deployment/import_service_catalog_products",
  "isDocsHomePage": false,
  "title": "Import Service Catalog Products",
  "description": "Service Workbench uses AWS Service Catalog",
  "source": "@site/docs/deployment/post_deployment/import_service_catalog_products.md",
  "slug": "/deployment/post_deployment/import_service_catalog_products",
  "permalink": "/deployment/post_deployment/import_service_catalog_products",
  "editUrl": "https://github.com/awslabs/go-research-on-aws/website/docs/deployment/post_deployment/import_service_catalog_products.md",
  "version": "current",
  "sidebar_label": "Import Service Catalog Products",
  "sidebar": "serviceWorkbenchSidebar",
  "previous": {
    "title": "Create an Administrator User",
    "permalink": "/deployment/post_deployment/create_admin_user"
  },
  "next": {
    "title": "Viewing logs",
    "permalink": "/deployment/post_deployment/logs"
  }
}