{
  "unversionedId": "user_guide/introduction",
  "id": "user_guide/introduction",
  "isDocsHomePage": false,
  "title": "Sidebar Introduction",
  "description": "This section of the documentation aims to provide an overview of how to operate the web-based user portal that is provided as part of this solution.",
  "source": "@site/docs/user_guide/introduction.md",
  "slug": "/user_guide/introduction",
  "permalink": "/user_guide/introduction",
  "editUrl": "https://github.com/awslabs/go-research-on-aws/website/docs/user_guide/introduction.md",
  "version": "current",
  "sidebar_label": "Sidebar Introduction",
  "sidebar": "serviceWorkbenchSidebar",
  "previous": {
    "title": "Account Structure",
    "permalink": "/user_guide/account_structure"
  },
  "next": {
    "title": "Dashboard",
    "permalink": "/user_guide/sidebar/common/dashboard/introduction"
  }
}