{
  "/-deb": {
    "component": "c4f5d8e4",
    "config": "5e9f5e1a"
  },
  "/index.original-6ef": {
    "component": "1397650d",
    "config": "5e9f5e1a"
  },
  "/-4aa": {
    "component": "1be78505",
    "versionMetadata": "935f2afb"
  },
  "/best_practices/amazon_inspector-79a": {
    "component": "17896441",
    "content": "bb32f4d6"
  },
  "/best_practices/aws_cloudtrail-02e": {
    "component": "17896441",
    "content": "b3acba4d"
  },
  "/best_practices/aws_shield-33d": {
    "component": "17896441",
    "content": "822872cb"
  },
  "/best_practices/cicd-be5": {
    "component": "17896441",
    "content": "890fe081"
  },
  "/best_practices/introduction-871": {
    "component": "17896441",
    "content": "217f31d4"
  },
  "/best_practices/multiple_deployment_environments-3a1": {
    "component": "17896441",
    "content": "dcddc0e7"
  },
  "/best_practices/rotating_jwt_token-071": {
    "component": "17896441",
    "content": "2b370d89"
  },
  "/deployment/about_this_guide-10b": {
    "component": "17896441",
    "content": "17148d6e"
  },
  "/deployment/configuration/auth/configuring_auth0-2f5": {
    "component": "17896441",
    "content": "edf10a7b"
  },
  "/deployment/configuration/auth/configuring_idp-2ec": {
    "component": "17896441",
    "content": "1419a383"
  },
  "/deployment/configuration/auth/enabling_ad-9f9": {
    "component": "17896441",
    "content": "d6489094"
  },
  "/deployment/deployment_stages-2c9": {
    "component": "17896441",
    "content": "f4de0fb1"
  },
  "/deployment/deployment/index-0b8": {
    "component": "17896441",
    "content": "cb94ea2c"
  },
  "/deployment/post_deployment/account_structure-41a": {
    "component": "17896441",
    "content": "ea938625"
  },
  "/deployment/post_deployment/aws_accounts-2fd": {
    "component": "17896441",
    "content": "28354ab5"
  },
  "/deployment/post_deployment/create_admin_user-dd9": {
    "component": "17896441",
    "content": "a501c705"
  },
  "/deployment/post_deployment/create_index_project-6b8": {
    "component": "17896441",
    "content": "a12d2564"
  },
  "/deployment/post_deployment/import_service_catalog_products-c4f": {
    "component": "17896441",
    "content": "823ca56e"
  },
  "/deployment/post_deployment/index-15c": {
    "component": "17896441",
    "content": "7fc10246"
  },
  "/deployment/post_deployment/link_aws_account-55a": {
    "component": "17896441",
    "content": "f451a9b6"
  },
  "/deployment/post_deployment/logs-76d": {
    "component": "17896441",
    "content": "a02097c7"
  },
  "/deployment/pre_deployment/accounts-95e": {
    "component": "17896441",
    "content": "fa54cdbb"
  },
  "/deployment/pre_deployment/configuration-643": {
    "component": "17896441",
    "content": "5394e265"
  },
  "/deployment/pre_deployment/deployment_instance-4fe": {
    "component": "17896441",
    "content": "faf13b71"
  },
  "/deployment/pre_deployment/pre_deployment-d00": {
    "component": "17896441",
    "content": "03fee698"
  },
  "/deployment/pre_deployment/prereq_commands-0cd": {
    "component": "17896441",
    "content": "5dd47551"
  },
  "/deployment/pre_deployment/source_code-817": {
    "component": "17896441",
    "content": "1554d42c"
  },
  "/deployment/redeployment-989": {
    "component": "17896441",
    "content": "92b9533c"
  },
  "/deployment/reference/aws_services-910": {
    "component": "17896441",
    "content": "c8ab33d2"
  },
  "/deployment/reference/iam_role-5de": {
    "component": "17896441",
    "content": "c0a981dd"
  },
  "/deployment/reference/prepare_master_account-111": {
    "component": "17896441",
    "content": "22ecb2e8"
  },
  "/deployment/summary-0f4": {
    "component": "17896441",
    "content": "1d0abdf3"
  },
  "/development/introduction-7b6": {
    "component": "17896441",
    "content": "6a8a88b7"
  },
  "/installation_guide/architecture-bfe": {
    "component": "17896441",
    "content": "a3e118c8"
  },
  "/installation_guide/components-0ce": {
    "component": "17896441",
    "content": "ff4f52e4"
  },
  "/installation_guide/installation/ami-install-6b7": {
    "component": "17896441",
    "content": "a44666da"
  },
  "/installation_guide/installation/cloud9install-2e0": {
    "component": "17896441",
    "content": "35121789"
  },
  "/installation_guide/installation/ec2install-5e3": {
    "component": "17896441",
    "content": "225ed165"
  },
  "/installation_guide/installation/pre-installation/conf-settings-85d": {
    "component": "17896441",
    "content": "b576acee"
  },
  "/installation_guide/installation/pre-installation/documentation-42f": {
    "component": "17896441",
    "content": "f21f95ae"
  },
  "/installation_guide/installation/pre-installation/instance-req-53f": {
    "component": "17896441",
    "content": "5b6367d9"
  },
  "/installation_guide/installation/pre-installation/overview-710": {
    "component": "17896441",
    "content": "a92b393a"
  },
  "/installation_guide/installation/pre-installation/software-req-492": {
    "component": "17896441",
    "content": "b87db4b4"
  },
  "/installation_guide/installation/pre-installation/tool-req-2dd": {
    "component": "17896441",
    "content": "c9476684"
  },
  "/installation_guide/overview-612": {
    "component": "17896441",
    "content": "2da75f02"
  },
  "/installation_guide/postupgrade-890": {
    "component": "17896441",
    "content": "1cb71641"
  },
  "/installation_guide/troubleshooting-fa4": {
    "component": "17896441",
    "content": "565916ad"
  },
  "/installation_guide/uninstall-8ff": {
    "component": "17896441",
    "content": "61eab71d"
  },
  "/installation_guide/upgrading/commandline-099": {
    "component": "17896441",
    "content": "ae730097"
  },
  "/installation_guide/upgrading/solutions-dbc": {
    "component": "17896441",
    "content": "29cf786c"
  },
  "/introduction-251": {
    "component": "17896441",
    "content": "a09c2993"
  },
  "/user_guide/account_structure-fcb": {
    "component": "17896441",
    "content": "5355d0c8"
  },
  "/user_guide/introduction-006": {
    "component": "17896441",
    "content": "c10e9eeb"
  },
  "/user_guide/sidebar/admin/accounts/aws_accounts/create_member_account-d32": {
    "component": "17896441",
    "content": "e1e91337"
  },
  "/user_guide/sidebar/admin/accounts/aws_accounts/cross_account_execution_role-5dc": {
    "component": "17896441",
    "content": "a2bc9c8d"
  },
  "/user_guide/sidebar/admin/accounts/aws_accounts/introduction-10d": {
    "component": "17896441",
    "content": "f4fc4abd"
  },
  "/user_guide/sidebar/admin/accounts/aws_accounts/invite_member_account-9b5": {
    "component": "17896441",
    "content": "0d66d7df"
  },
  "/user_guide/sidebar/admin/accounts/aws_accounts/master_role-a10": {
    "component": "17896441",
    "content": "e9e6ed7c"
  },
  "/user_guide/sidebar/admin/accounts/aws_accounts/set_account_budget-a8f": {
    "component": "17896441",
    "content": "a94455b7"
  },
  "/user_guide/sidebar/admin/accounts/indexes/create_new_index-d74": {
    "component": "17896441",
    "content": "b1222a0a"
  },
  "/user_guide/sidebar/admin/accounts/indexes/introduction-66a": {
    "component": "17896441",
    "content": "fa109012"
  },
  "/user_guide/sidebar/admin/accounts/projects/add_user_to_project-71d": {
    "component": "17896441",
    "content": "ba53f036"
  },
  "/user_guide/sidebar/admin/accounts/projects/create_project-7c6": {
    "component": "17896441",
    "content": "f18254a0"
  },
  "/user_guide/sidebar/admin/accounts/projects/introduction-0d4": {
    "component": "17896441",
    "content": "3f807ce8"
  },
  "/user_guide/sidebar/admin/auth/introduction-471": {
    "component": "17896441",
    "content": "7ecf4721"
  },
  "/user_guide/sidebar/admin/users/add_federated_user-fcb": {
    "component": "17896441",
    "content": "f0cd4124"
  },
  "/user_guide/sidebar/admin/users/introduction-ca6": {
    "component": "17896441",
    "content": "6dba9599"
  },
  "/user_guide/sidebar/admin/users/user_roles-df8": {
    "component": "17896441",
    "content": "ebe6d457"
  },
  "/user_guide/sidebar/admin/workflows/introduction-733": {
    "component": "17896441",
    "content": "5c74a3b0"
  },
  "/user_guide/sidebar/common/dashboard/introduction-2bf": {
    "component": "17896441",
    "content": "9d6dd048"
  },
  "/user_guide/sidebar/common/studies/creating_a_study-b7d": {
    "component": "17896441",
    "content": "63f6a45f"
  },
  "/user_guide/sidebar/common/studies/data_sources-88c": {
    "component": "17896441",
    "content": "8aeb3b7b"
  },
  "/user_guide/sidebar/common/studies/introduction-4f5": {
    "component": "17896441",
    "content": "f0bf05d6"
  },
  "/user_guide/sidebar/common/studies/sharing_a_study-651": {
    "component": "17896441",
    "content": "82f9dcba"
  },
  "/user_guide/sidebar/common/studies/studies_page-32c": {
    "component": "17896441",
    "content": "b4a6d8f1"
  },
  "/user_guide/sidebar/common/workspaces/accessing_a_workspace-506": {
    "component": "17896441",
    "content": "24c3afa7"
  },
  "/user_guide/sidebar/common/workspaces/create_workspace_study-426": {
    "component": "17896441",
    "content": "9c9c2a9b"
  },
  "/user_guide/sidebar/common/workspaces/introduction-a70": {
    "component": "17896441",
    "content": "5828c1e3"
  },
  "/user_guide/sidebar/common/workspaces/terminating_a_workspace-04d": {
    "component": "17896441",
    "content": "c8ff10ea"
  }
}