{
  "docusaurusVersion": "2.0.0-alpha.72",
  "siteVersion": "0.0.8",
  "pluginVersions": {
    "docusaurus-plugin-content-docs": {
      "type": "package",
      "name": "@docusaurus/plugin-content-docs",
      "version": "2.0.0-alpha.72"
    },
    "docusaurus-plugin-content-blog": {
      "type": "package",
      "name": "@docusaurus/plugin-content-blog",
      "version": "2.0.0-alpha.72"
    },
    "docusaurus-plugin-content-pages": {
      "type": "package",
      "name": "@docusaurus/plugin-content-pages",
      "version": "2.0.0-alpha.72"
    },
    "docusaurus-plugin-sitemap": {
      "type": "package",
      "name": "@docusaurus/plugin-sitemap",
      "version": "2.0.0-alpha.72"
    },
    "docusaurus-theme-classic": {
      "type": "package",
      "name": "@docusaurus/theme-classic",
      "version": "2.0.0-alpha.72"
    }
  }
}