{
  "id": "deployment/pre_deployment/deployment_instance",
  "title": "Deployment Instance",
  "description": "You can create a deployment instance with the following specifications:",
  "source": "@site/docs\\deployment\\pre_deployment\\deployment_instance.md",
  "permalink": "/deployment/pre_deployment/deployment_instance",
  "editUrl": "https://github.com/awslabs/go-research-on-aws/website/docs/deployment/pre_deployment/deployment_instance.md",
  "sidebar_label": "Deployment Instance",
  "sidebar": "serviceWorkbenchSidebar",
  "previous": {
    "title": "Prerequisite Software",
    "permalink": "/deployment/pre_deployment/prereq_commands"
  },
  "next": {
    "title": "Source Code",
    "permalink": "/deployment/pre_deployment/source_code"
  }
}