{
  "id": "user_guide/sidebar/common/studies/data_sources",
  "title": "Data Sources",
  "description": "Introduction",
  "source": "@site/docs\\user_guide\\sidebar\\common\\studies\\data_sources.md",
  "permalink": "/user_guide/sidebar/common/studies/data_sources",
  "editUrl": "https://github.com/awslabs/go-research-on-aws/website/docs/user_guide/sidebar/common/studies/data_sources.md",
  "sidebar_label": "Data Sources",
  "sidebar": "serviceWorkbenchSidebar",
  "previous": {
    "title": "Sharing a Study",
    "permalink": "/user_guide/sidebar/common/studies/sharing_a_study"
  },
  "next": {
    "title": "Workspaces Introduction",
    "permalink": "/user_guide/sidebar/common/workspaces/introduction"
  }
}