{
  "id": "deployment/pre_deployment/configuration",
  "title": "Configuration",
  "description": "**Note**: Setting the configuration is required. If you are deploying a simple installation, you can use the default configuration.",
  "source": "@site/docs\\deployment\\pre_deployment\\configuration.md",
  "permalink": "/deployment/pre_deployment/configuration",
  "editUrl": "https://github.com/awslabs/go-research-on-aws/website/docs/deployment/pre_deployment/configuration.md",
  "sidebar_label": "Configuration",
  "sidebar": "serviceWorkbenchSidebar",
  "previous": {
    "title": "Source Code",
    "permalink": "/deployment/pre_deployment/source_code"
  },
  "next": {
    "title": "Deploying Service Workbench",
    "permalink": "/deployment/deployment/index"
  }
}