{
  "id": "deployment/redeployment",
  "title": "Deploying Updates",
  "description": "After a successful initial deployment, you can deploy individually to the five serverless projects that are a part of this solution.",
  "source": "@site/docs\\deployment\\redeployment.md",
  "permalink": "/deployment/redeployment",
  "editUrl": "https://github.com/awslabs/go-research-on-aws/website/docs/deployment/redeployment.md",
  "sidebar_label": "Deploying Updates",
  "sidebar": "serviceWorkbenchSidebar",
  "previous": {
    "title": "Configuring an Identity Provider",
    "permalink": "/deployment/configuration/auth/configuring_idp"
  },
  "next": {
    "title": "Reference",
    "permalink": "/deployment/reference/iam_role"
  }
}