{
  "id": "best_practices/aws_shield",
  "title": "AWS Shield",
  "description": "A distributed denial of service (DDoS) attack is an attack in which multiple compromised systems attempt to flood a target, such as a network or web application, with traffic. A DDoS attack can prevent legitimate users from accessing a service and can cause the system to crash due to the overwhelming traffic volume.",
  "source": "@site/docs\\best_practices\\aws_shield.md",
  "permalink": "/best_practices/aws_shield",
  "editUrl": "https://github.com/awslabs/go-research-on-aws/website/docs/best_practices/aws_shield.md",
  "sidebar_label": "AWS Shield",
  "sidebar": "serviceWorkbenchSidebar",
  "previous": {
    "title": "AWS CloudTrail",
    "permalink": "/best_practices/aws_cloudtrail"
  },
  "next": {
    "title": "CI/CD",
    "permalink": "/best_practices/cicd"
  }
}