{
  "id": "user_guide/sidebar/common/studies/creating_a_study",
  "title": "Creating a Study",
  "description": "Studies are data sets. Admin, Internal Researchers and External Researchers can search for Studies to perform research on. They can also create new Studies and upload data to Studies.",
  "source": "@site/docs\\user_guide\\sidebar\\common\\studies\\creating_a_study.md",
  "permalink": "/user_guide/sidebar/common/studies/creating_a_study",
  "editUrl": "https://github.com/awslabs/go-research-on-aws/website/docs/user_guide/sidebar/common/studies/creating_a_study.md",
  "sidebar_label": "Creating a Study",
  "sidebar": "serviceWorkbenchSidebar",
  "previous": {
    "title": "Studies Introduction",
    "permalink": "/user_guide/sidebar/common/studies/introduction"
  },
  "next": {
    "title": "Studies Page",
    "permalink": "/user_guide/sidebar/common/studies/studies_page"
  }
}