{
  "id": "deployment/summary",
  "title": "Features",
  "description": "Service Workbench is designed from the ground up to make it easy for you to install the application and get running quickly.",
  "source": "@site/docs\\deployment\\summary.md",
  "permalink": "/deployment/summary",
  "editUrl": "https://github.com/awslabs/go-research-on-aws/website/docs/deployment/summary.md",
  "sidebar_label": "Features",
  "sidebar": "serviceWorkbenchSidebar",
  "previous": {
    "title": "About this guide",
    "permalink": "/deployment/about_this_guide"
  },
  "next": {
    "title": "Deployment Stages",
    "permalink": "/deployment/deployment_stages"
  }
}