{
  "id": "user_guide/sidebar/common/workspaces/terminating_a_workspace",
  "title": "Terminating a Workspace",
  "description": "When you no longer need a Workspace you can terminate it. Follow these steps to terminate a Workspace:",
  "source": "@site/docs\\user_guide\\sidebar\\common\\workspaces\\terminating_a_workspace.md",
  "permalink": "/user_guide/sidebar/common/workspaces/terminating_a_workspace",
  "editUrl": "https://github.com/awslabs/go-research-on-aws/website/docs/user_guide/sidebar/common/workspaces/terminating_a_workspace.md",
  "sidebar_label": "Terminating a Workspace",
  "sidebar": "serviceWorkbenchSidebar",
  "previous": {
    "title": "Creating a new Workspace",
    "permalink": "/user_guide/sidebar/common/workspaces/create_workspace_study"
  },
  "next": {
    "title": "Best Practices Introduction",
    "permalink": "/best_practices/introduction"
  }
}