{
  "id": "deployment/pre_deployment/pre_deployment",
  "title": "Pre Deployment",
  "description": "Make sure all the prerequisites described in the pre-deployment section are complete before you start a deployment.",
  "source": "@site/docs\\deployment\\pre_deployment\\pre_deployment.md",
  "permalink": "/deployment/pre_deployment/pre_deployment",
  "editUrl": "https://github.com/awslabs/go-research-on-aws/website/docs/deployment/pre_deployment/pre_deployment.md",
  "sidebar_label": "Pre Deployment",
  "sidebar": "serviceWorkbenchSidebar",
  "previous": {
    "title": "Deployment Stages",
    "permalink": "/deployment/deployment_stages"
  },
  "next": {
    "title": "Prerequisites",
    "permalink": "/deployment/pre_deployment/accounts"
  }
}